INSERT INTO users (id, first_name, last_name, email, role) VALUES (1, 'Emily', 'Johnson', 'emily.johnson@example.com', 'New Hire');
INSERT INTO users (id, first_name, last_name, email, role) VALUES (2, 'Michael', 'Smith', 'michael.smith@example.com', 'Team Manager');
INSERT INTO users (id, first_name, last_name, email, role) VALUES (3, 'Sarah', 'Taylor', 'sarah.taylor@example.com', 'HR Specialist');
INSERT INTO users (id, first_name, last_name, email, role) VALUES (4, 'James', 'Anderson', 'james.anderson@example.com', 'New Hire');
INSERT INTO users (id, first_name, last_name, email, role) VALUES (5, 'Lisa', 'Brown', 'lisa.brown@example.com', 'New Hire');
INSERT INTO users (id, first_name, last_name, email, role) VALUES (6, 'David', 'Martinez', 'david.martinez@example.com', 'Team Manager');
INSERT INTO users (id, first_name, last_name, email, role) VALUES (7, 'Laura', 'Garcia', 'laura.garcia@example.com', 'HR Specialist');
INSERT INTO users (id, first_name, last_name, email, role) VALUES (8, 'Robert', 'Miller', 'robert.miller@example.com', 'New Hire');
INSERT INTO users (id, first_name, last_name, email, role) VALUES (9, 'Jessica', 'Davis', 'jessica.davis@example.com', 'New Hire');
INSERT INTO users (id, first_name, last_name, email, role) VALUES (10, 'William', 'Hernandez', 'william.hernandez@example.com', 'Team Manager');

INSERT INTO onboarding_tasks (id, user_id, task_name, description, is_completed) VALUES (1, 1, 'Complete HR Paperwork', 'Fill out and submit all HR forms', 0);
INSERT INTO onboarding_tasks (id, user_id, task_name, description, is_completed) VALUES (2, 1, 'Set Up Workstation', 'Configure your computer and workspace', 0);
INSERT INTO onboarding_tasks (id, user_id, task_name, description, is_completed) VALUES (3, 4, 'Attend Orientation', 'Participate in the company orientation session', 1);
INSERT INTO onboarding_tasks (id, user_id, task_name, description, is_completed) VALUES (4, 5, 'Meet Team Manager', 'Schedule a meeting with your manager', 0);
INSERT INTO onboarding_tasks (id, user_id, task_name, description, is_completed) VALUES (5, 8, 'Review Company Policies', 'Read through the employee handbook', 1);
INSERT INTO onboarding_tasks (id, user_id, task_name, description, is_completed) VALUES (6, 9, 'Complete Security Training', 'Finish the cybersecurity training module', 0);
INSERT INTO onboarding_tasks (id, user_id, task_name, description, is_completed) VALUES (7, 1, 'Submit ID Documents', 'Provide necessary identification documents', 1);
INSERT INTO onboarding_tasks (id, user_id, task_name, description, is_completed) VALUES (8, 4, 'Join Team Meeting', 'Attend the weekly team meeting', 0);
INSERT INTO onboarding_tasks (id, user_id, task_name, description, is_completed) VALUES (9, 5, 'Enroll in Benefits', 'Choose and enroll in company benefits', 0);
INSERT INTO onboarding_tasks (id, user_id, task_name, description, is_completed) VALUES (10, 8, 'Complete Initial Training', 'Finish the initial training modules', 1);

INSERT INTO training_modules (id, module_name, description, role) VALUES (1, 'Cybersecurity Basics', 'Introduction to company cybersecurity policies', 'New Hire');
INSERT INTO training_modules (id, module_name, description, role) VALUES (2, 'Managerial Skills', 'Training for effective team management', 'Team Manager');
INSERT INTO training_modules (id, module_name, description, role) VALUES (3, 'HR Policies Overview', 'Detailed overview of HR policies and procedures', 'HR Specialist');
INSERT INTO training_modules (id, module_name, description, role) VALUES (4, 'Project Management Tools', 'Learning to use project management software', 'Team Manager');
INSERT INTO training_modules (id, module_name, description, role) VALUES (5, 'Communication Best Practices', 'Effective communication strategies in the workplace', 'New Hire');
INSERT INTO training_modules (id, module_name, description, role) VALUES (6, 'Company Culture', 'Understanding company values and culture', 'New Hire');
INSERT INTO training_modules (id, module_name, description, role) VALUES (7, 'Advanced HR Strategies', 'Strategies for advanced HR management', 'HR Specialist');
INSERT INTO training_modules (id, module_name, description, role) VALUES (8, 'Tools and Processes', 'Overview of tools and processes used in roles', 'New Hire');
INSERT INTO training_modules (id, module_name, description, role) VALUES (9, 'Conflict Resolution', 'Techniques for resolving workplace conflicts', 'Team Manager');
INSERT INTO training_modules (id, module_name, description, role) VALUES (10, 'Onboarding Techniques', 'Effective onboarding strategies', 'HR Specialist');

INSERT INTO user_training_progress (id, user_id, training_module_id, is_completed, quiz_score) VALUES (1, 1, 1, 1, 85);
INSERT INTO user_training_progress (id, user_id, training_module_id, is_completed, quiz_score) VALUES (2, 1, 5, 0, NULL);
INSERT INTO user_training_progress (id, user_id, training_module_id, is_completed, quiz_score) VALUES (3, 4, 6, 1, 90);
INSERT INTO user_training_progress (id, user_id, training_module_id, is_completed, quiz_score) VALUES (4, 5, 8, 1, 75);
INSERT INTO user_training_progress (id, user_id, training_module_id, is_completed, quiz_score) VALUES (5, 9, 1, 0, NULL);
INSERT INTO user_training_progress (id, user_id, training_module_id, is_completed, quiz_score) VALUES (6, 8, 6, 1, 88);
INSERT INTO user_training_progress (id, user_id, training_module_id, is_completed, quiz_score) VALUES (7, 1, 8, 0, NULL);
INSERT INTO user_training_progress (id, user_id, training_module_id, is_completed, quiz_score) VALUES (8, 4, 3, 1, 92);
INSERT INTO user_training_progress (id, user_id, training_module_id, is_completed, quiz_score) VALUES (9, 5, 6, 0, NULL);
INSERT INTO user_training_progress (id, user_id, training_module_id, is_completed, quiz_score) VALUES (10, 9, 8, 1, 80);

INSERT INTO documents (id, user_id, document_name, is_signed) VALUES (1, 1, 'Employment Contract', 1);
INSERT INTO documents (id, user_id, document_name, is_signed) VALUES (2, 1, 'Tax Form W-4', 1);
INSERT INTO documents (id, user_id, document_name, is_signed) VALUES (3, 4, 'Direct Deposit Form', 0);
INSERT INTO documents (id, user_id, document_name, is_signed) VALUES (4, 5, 'NDA Agreement', 1);
INSERT INTO documents (id, user_id, document_name, is_signed) VALUES (5, 8, 'Code of Conduct', 1);
INSERT INTO documents (id, user_id, document_name, is_signed) VALUES (6, 9, 'Emergency Contact Form', 0);
INSERT INTO documents (id, user_id, document_name, is_signed) VALUES (7, 1, 'Health Insurance Enrollment', 1);
INSERT INTO documents (id, user_id, document_name, is_signed) VALUES (8, 4, 'ID Verification Document', 0);
INSERT INTO documents (id, user_id, document_name, is_signed) VALUES (9, 5, 'Confidentiality Agreement', 1);
INSERT INTO documents (id, user_id, document_name, is_signed) VALUES (10, 8, 'Workstation Safety Guidelines', 1);

INSERT INTO communication (id, sender_id, receiver_id, message, timestamp) VALUES (1, 1, 3, 'Could you help me with the onboarding tasks?', '2025-12-12 09:00:00');
INSERT INTO communication (id, sender_id, receiver_id, message, timestamp) VALUES (2, 9, 2, 'I need clarification on the team meeting schedule.', '2025-12-13 10:15:00');
INSERT INTO communication (id, sender_id, receiver_id, message, timestamp) VALUES (3, 4, 6, 'Can I schedule a one-on-one session?', '2025-12-14 14:30:00');
INSERT INTO communication (id, sender_id, receiver_id, message, timestamp) VALUES (4, 5, 7, 'Where can I find the HR documents?', '2025-12-15 16:45:00');
INSERT INTO communication (id, sender_id, receiver_id, message, timestamp) VALUES (5, 8, 3, 'Need assistance with the training modules.', '2025-12-16 11:00:00');
INSERT INTO communication (id, sender_id, receiver_id, message, timestamp) VALUES (6, 1, 6, 'When is the next team meeting?', '2025-12-17 13:20:00');
INSERT INTO communication (id, sender_id, receiver_id, message, timestamp) VALUES (7, 4, 2, 'Can you review my project plan?', '2025-12-18 15:10:00');
INSERT INTO communication (id, sender_id, receiver_id, message, timestamp) VALUES (8, 5, 7, 'I have submitted all required documents.', '2025-12-19 09:50:00');
INSERT INTO communication (id, sender_id, receiver_id, message, timestamp) VALUES (9, 9, 3, 'Am I missing any onboarding tasks?', '2025-12-20 10:30:00');
INSERT INTO communication (id, sender_id, receiver_id, message, timestamp) VALUES (10, 8, 2, 'Please confirm the meeting time.', '2025-12-21 11:45:00');

INSERT INTO feedback (id, user_id, feedback_text, is_anonymous, timestamp) VALUES (1, 1, 'The onboarding process was very smooth and helpful.', 0, '2025-12-22 12:00:00');
INSERT INTO feedback (id, user_id, feedback_text, is_anonymous, timestamp) VALUES (2, 4, 'I found the training modules to be very informative.', 1, '2025-12-23 13:30:00');
INSERT INTO feedback (id, user_id, feedback_text, is_anonymous, timestamp) VALUES (3, 5, 'Would appreciate more details in the welcome dashboard.', 0, '2025-12-24 14:45:00');
INSERT INTO feedback (id, user_id, feedback_text, is_anonymous, timestamp) VALUES (4, 9, 'The HR paperwork was a bit overwhelming.', 1, '2025-12-25 15:10:00');
INSERT INTO feedback (id, user_id, feedback_text, is_anonymous, timestamp) VALUES (5, 8, 'The communication hub is a great feature.', 0, '2025-12-26 16:25:00');
INSERT INTO feedback (id, user_id, feedback_text, is_anonymous, timestamp) VALUES (6, 1, 'Really enjoyed the interactive checklist feature.', 1, '2025-12-27 17:40:00');
INSERT INTO feedback (id, user_id, feedback_text, is_anonymous, timestamp) VALUES (7, 4, 'More guidance on company culture would be helpful.', 0, '2025-12-28 18:55:00');
INSERT INTO feedback (id, user_id, feedback_text, is_anonymous, timestamp) VALUES (8, 5, 'The document submission process is very efficient.', 1, '2025-12-29 19:10:00');
INSERT INTO feedback (id, user_id, feedback_text, is_anonymous, timestamp) VALUES (9, 9, 'I struggled with some of the training quizzes.', 0, '2025-12-30 20:25:00');
INSERT INTO feedback (id, user_id, feedback_text, is_anonymous, timestamp) VALUES (10, 8, 'Overall, a great start at the company.', 1, '2025-12-31 21:40:00');